<?xml version='1.0' encoding='UTF-8'?>
<ejb-jar xmlns="http://java.sun.com/xml/ns/javaee" metadata-complete="false">
    <enterprise-beans>
        <session id="EspecialidadeFacade">
            <ejb-name>EspecialidadeFacade</ejb-name>
            <mapped-name></mapped-name>
            <local-bean/>
            <ejb-class>jpa.session.EspecialidadeFacade</ejb-class>
            <session-type>Stateless</session-type>
            <depends-on/>
            <transaction-type>Container</transaction-type>
            <env-entry>
                <env-entry-name>java:module/ModuleName</env-entry-name>
                <env-entry-type>java.lang.String</env-entry-type>
                <env-entry-value></env-entry-value>
            </env-entry>
            <env-entry>
                <env-entry-name>java:app/AppName</env-entry-name>
                <env-entry-type>java.lang.String</env-entry-type>
                <env-entry-value>clinicamedica_war_exploded</env-entry-value>
            </env-entry>
            <env-entry>
                <env-entry-name>java:comp/ComponentName</env-entry-name>
                <env-entry-type>java.lang.String</env-entry-type>
                <env-entry-value>EspecialidadeFacade</env-entry-value>
            </env-entry>
            <ejb-local-ref>
                <ejb-ref-name>java:comp/env/jsf.DoençaController/ejbFacade</ejb-ref-name>
                <local>jpa.session.DoençaFacade</local>
                <injection-target>
                    <injection-target-class>jsf.DoençaController</injection-target-class>
                    <injection-target-name>ejbFacade</injection-target-name>
                </injection-target>
            </ejb-local-ref>
            <ejb-local-ref>
                <ejb-ref-name>java:comp/env/jsf.TaxaController/ejbFacade</ejb-ref-name>
                <local>jpa.session.TaxaFacade</local>
                <injection-target>
                    <injection-target-class>jsf.TaxaController</injection-target-class>
                    <injection-target-name>ejbFacade</injection-target-name>
                </injection-target>
            </ejb-local-ref>
            <ejb-local-ref>
                <ejb-ref-name>java:comp/env/jsf.EspecialidadeController/ejbFacade</ejb-ref-name>
                <local>jpa.session.EspecialidadeFacade</local>
                <injection-target>
                    <injection-target-class>jsf.EspecialidadeController</injection-target-class>
                    <injection-target-name>ejbFacade</injection-target-name>
                </injection-target>
            </ejb-local-ref>
            <ejb-local-ref>
                <ejb-ref-name>java:comp/env/jsf.MedicoController/ejbFacade</ejb-ref-name>
                <local>jpa.session.MedicoFacade</local>
                <injection-target>
                    <injection-target-class>jsf.MedicoController</injection-target-class>
                    <injection-target-name>ejbFacade</injection-target-name>
                </injection-target>
            </ejb-local-ref>
            <ejb-local-ref>
                <ejb-ref-name>java:comp/env/jsf.AgendaController/ejbFacade</ejb-ref-name>
                <local>jpa.session.AgendaFacade</local>
                <injection-target>
                    <injection-target-class>jsf.AgendaController</injection-target-class>
                    <injection-target-name>ejbFacade</injection-target-name>
                </injection-target>
            </ejb-local-ref>
            <ejb-local-ref>
                <ejb-ref-name>java:comp/env/jsf.PacienteController/ejbFacade</ejb-ref-name>
                <local>jpa.session.PacienteFacade</local>
                <injection-target>
                    <injection-target-class>jsf.PacienteController</injection-target-class>
                    <injection-target-name>ejbFacade</injection-target-name>
                </injection-target>
            </ejb-local-ref>
            <ejb-local-ref>
                <ejb-ref-name>java:comp/env/jsf.ConsultaDiagnosticoController/ejbFacade</ejb-ref-name>
                <local>jpa.session.ConsultaDiagnosticoFacade</local>
                <injection-target>
                    <injection-target-class>jsf.ConsultaDiagnosticoController</injection-target-class>
                    <injection-target-name>ejbFacade</injection-target-name>
                </injection-target>
            </ejb-local-ref>
            <resource-env-ref>
                <resource-env-ref-name>java:comp/BeanManager</resource-env-ref-name>
                <resource-env-ref-type>javax.enterprise.inject.spi.BeanManager</resource-env-ref-type>
            </resource-env-ref>
            <resource-env-ref>
                <resource-env-ref-name>java:comp/Validator</resource-env-ref-name>
                <resource-env-ref-type>javax.validation.Validator</resource-env-ref-type>
            </resource-env-ref>
            <resource-env-ref>
                <resource-env-ref-name>java:comp/ValidatorFactory</resource-env-ref-name>
                <resource-env-ref-type>javax.validation.ValidatorFactory</resource-env-ref-type>
            </resource-env-ref>
            <resource-env-ref>
                <resource-env-ref-name>java:comp/TransactionManager</resource-env-ref-name>
                <resource-env-ref-type>javax.transaction.TransactionManager</resource-env-ref-type>
            </resource-env-ref>
            <resource-env-ref>
                <resource-env-ref-name>java:comp/TransactionSynchronizationRegistry</resource-env-ref-name>
                <resource-env-ref-type>javax.transaction.TransactionSynchronizationRegistry</resource-env-ref-type>
            </resource-env-ref>
            <persistence-context-ref>
                <persistence-context-ref-name>java:comp/env/jpa.session.EspecialidadeFacade/em</persistence-context-ref-name>
                <persistence-unit-name>clinicamedica2PU</persistence-unit-name>
                <persistence-context-type>Transaction</persistence-context-type>
                <injection-target>
                    <injection-target-class>jpa.session.EspecialidadeFacade</injection-target-class>
                    <injection-target-name>em</injection-target-name>
                </injection-target>
            </persistence-context-ref>
            <persistence-context-ref>
                <persistence-context-ref-name>java:comp/env/jpa.session.TaxaFacade/em</persistence-context-ref-name>
                <persistence-unit-name>clinicamedica2PU</persistence-unit-name>
                <persistence-context-type>Transaction</persistence-context-type>
                <injection-target>
                    <injection-target-class>jpa.session.TaxaFacade</injection-target-class>
                    <injection-target-name>em</injection-target-name>
                </injection-target>
            </persistence-context-ref>
            <persistence-context-ref>
                <persistence-context-ref-name>java:comp/env/jpa.session.PacienteFacade/em</persistence-context-ref-name>
                <persistence-unit-name>clinicamedica2PU</persistence-unit-name>
                <persistence-context-type>Transaction</persistence-context-type>
                <injection-target>
                    <injection-target-class>jpa.session.PacienteFacade</injection-target-class>
                    <injection-target-name>em</injection-target-name>
                </injection-target>
            </persistence-context-ref>
            <persistence-context-ref>
                <persistence-context-ref-name>java:comp/env/jpa.session.DoençaFacade/em</persistence-context-ref-name>
                <persistence-unit-name>clinicamedica2PU</persistence-unit-name>
                <persistence-context-type>Transaction</persistence-context-type>
                <injection-target>
                    <injection-target-class>jpa.session.DoençaFacade</injection-target-class>
                    <injection-target-name>em</injection-target-name>
                </injection-target>
            </persistence-context-ref>
            <persistence-context-ref>
                <persistence-context-ref-name>java:comp/env/jpa.session.ConsultaDiagnosticoFacade/em</persistence-context-ref-name>
                <persistence-unit-name>clinicamedica2PU</persistence-unit-name>
                <persistence-context-type>Transaction</persistence-context-type>
                <injection-target>
                    <injection-target-class>jpa.session.ConsultaDiagnosticoFacade</injection-target-class>
                    <injection-target-name>em</injection-target-name>
                </injection-target>
            </persistence-context-ref>
            <persistence-context-ref>
                <persistence-context-ref-name>java:comp/env/jpa.session.MedicoFacade/em</persistence-context-ref-name>
                <persistence-unit-name>clinicamedica2PU</persistence-unit-name>
                <persistence-context-type>Transaction</persistence-context-type>
                <injection-target>
                    <injection-target-class>jpa.session.MedicoFacade</injection-target-class>
                    <injection-target-name>em</injection-target-name>
                </injection-target>
            </persistence-context-ref>
            <persistence-context-ref>
                <persistence-context-ref-name>java:comp/env/jpa.session.AgendaFacade/em</persistence-context-ref-name>
                <persistence-unit-name>clinicamedica2PU</persistence-unit-name>
                <persistence-context-type>Transaction</persistence-context-type>
                <injection-target>
                    <injection-target-class>jpa.session.AgendaFacade</injection-target-class>
                    <injection-target-name>em</injection-target-name>
                </injection-target>
            </persistence-context-ref>
        </session>
        <session id="TaxaFacade">
            <ejb-name>TaxaFacade</ejb-name>
            <mapped-name></mapped-name>
            <local-bean/>
            <ejb-class>jpa.session.TaxaFacade</ejb-class>
            <session-type>Stateless</session-type>
            <depends-on/>
            <transaction-type>Container</transaction-type>
            <env-entry>
                <env-entry-name>java:module/ModuleName</env-entry-name>
                <env-entry-type>java.lang.String</env-entry-type>
                <env-entry-value></env-entry-value>
            </env-entry>
            <env-entry>
                <env-entry-name>java:app/AppName</env-entry-name>
                <env-entry-type>java.lang.String</env-entry-type>
                <env-entry-value>clinicamedica_war_exploded</env-entry-value>
            </env-entry>
            <env-entry>
                <env-entry-name>java:comp/ComponentName</env-entry-name>
                <env-entry-type>java.lang.String</env-entry-type>
                <env-entry-value>TaxaFacade</env-entry-value>
            </env-entry>
            <ejb-local-ref>
                <ejb-ref-name>java:comp/env/jsf.DoençaController/ejbFacade</ejb-ref-name>
                <local>jpa.session.DoençaFacade</local>
                <injection-target>
                    <injection-target-class>jsf.DoençaController</injection-target-class>
                    <injection-target-name>ejbFacade</injection-target-name>
                </injection-target>
            </ejb-local-ref>
            <ejb-local-ref>
                <ejb-ref-name>java:comp/env/jsf.TaxaController/ejbFacade</ejb-ref-name>
                <local>jpa.session.TaxaFacade</local>
                <injection-target>
                    <injection-target-class>jsf.TaxaController</injection-target-class>
                    <injection-target-name>ejbFacade</injection-target-name>
                </injection-target>
            </ejb-local-ref>
            <ejb-local-ref>
                <ejb-ref-name>java:comp/env/jsf.EspecialidadeController/ejbFacade</ejb-ref-name>
                <local>jpa.session.EspecialidadeFacade</local>
                <injection-target>
                    <injection-target-class>jsf.EspecialidadeController</injection-target-class>
                    <injection-target-name>ejbFacade</injection-target-name>
                </injection-target>
            </ejb-local-ref>
            <ejb-local-ref>
                <ejb-ref-name>java:comp/env/jsf.MedicoController/ejbFacade</ejb-ref-name>
                <local>jpa.session.MedicoFacade</local>
                <injection-target>
                    <injection-target-class>jsf.MedicoController</injection-target-class>
                    <injection-target-name>ejbFacade</injection-target-name>
                </injection-target>
            </ejb-local-ref>
            <ejb-local-ref>
                <ejb-ref-name>java:comp/env/jsf.AgendaController/ejbFacade</ejb-ref-name>
                <local>jpa.session.AgendaFacade</local>
                <injection-target>
                    <injection-target-class>jsf.AgendaController</injection-target-class>
                    <injection-target-name>ejbFacade</injection-target-name>
                </injection-target>
            </ejb-local-ref>
            <ejb-local-ref>
                <ejb-ref-name>java:comp/env/jsf.PacienteController/ejbFacade</ejb-ref-name>
                <local>jpa.session.PacienteFacade</local>
                <injection-target>
                    <injection-target-class>jsf.PacienteController</injection-target-class>
                    <injection-target-name>ejbFacade</injection-target-name>
                </injection-target>
            </ejb-local-ref>
            <ejb-local-ref>
                <ejb-ref-name>java:comp/env/jsf.ConsultaDiagnosticoController/ejbFacade</ejb-ref-name>
                <local>jpa.session.ConsultaDiagnosticoFacade</local>
                <injection-target>
                    <injection-target-class>jsf.ConsultaDiagnosticoController</injection-target-class>
                    <injection-target-name>ejbFacade</injection-target-name>
                </injection-target>
            </ejb-local-ref>
            <resource-env-ref>
                <resource-env-ref-name>java:comp/BeanManager</resource-env-ref-name>
                <resource-env-ref-type>javax.enterprise.inject.spi.BeanManager</resource-env-ref-type>
            </resource-env-ref>
            <resource-env-ref>
                <resource-env-ref-name>java:comp/Validator</resource-env-ref-name>
                <resource-env-ref-type>javax.validation.Validator</resource-env-ref-type>
            </resource-env-ref>
            <resource-env-ref>
                <resource-env-ref-name>java:comp/ValidatorFactory</resource-env-ref-name>
                <resource-env-ref-type>javax.validation.ValidatorFactory</resource-env-ref-type>
            </resource-env-ref>
            <resource-env-ref>
                <resource-env-ref-name>java:comp/TransactionManager</resource-env-ref-name>
                <resource-env-ref-type>javax.transaction.TransactionManager</resource-env-ref-type>
            </resource-env-ref>
            <resource-env-ref>
                <resource-env-ref-name>java:comp/TransactionSynchronizationRegistry</resource-env-ref-name>
                <resource-env-ref-type>javax.transaction.TransactionSynchronizationRegistry</resource-env-ref-type>
            </resource-env-ref>
            <persistence-context-ref>
                <persistence-context-ref-name>java:comp/env/jpa.session.TaxaFacade/em</persistence-context-ref-name>
                <persistence-unit-name>clinicamedica2PU</persistence-unit-name>
                <persistence-context-type>Transaction</persistence-context-type>
                <injection-target>
                    <injection-target-class>jpa.session.TaxaFacade</injection-target-class>
                    <injection-target-name>em</injection-target-name>
                </injection-target>
            </persistence-context-ref>
            <persistence-context-ref>
                <persistence-context-ref-name>java:comp/env/jpa.session.EspecialidadeFacade/em</persistence-context-ref-name>
                <persistence-unit-name>clinicamedica2PU</persistence-unit-name>
                <persistence-context-type>Transaction</persistence-context-type>
                <injection-target>
                    <injection-target-class>jpa.session.EspecialidadeFacade</injection-target-class>
                    <injection-target-name>em</injection-target-name>
                </injection-target>
            </persistence-context-ref>
            <persistence-context-ref>
                <persistence-context-ref-name>java:comp/env/jpa.session.PacienteFacade/em</persistence-context-ref-name>
                <persistence-unit-name>clinicamedica2PU</persistence-unit-name>
                <persistence-context-type>Transaction</persistence-context-type>
                <injection-target>
                    <injection-target-class>jpa.session.PacienteFacade</injection-target-class>
                    <injection-target-name>em</injection-target-name>
                </injection-target>
            </persistence-context-ref>
            <persistence-context-ref>
                <persistence-context-ref-name>java:comp/env/jpa.session.DoençaFacade/em</persistence-context-ref-name>
                <persistence-unit-name>clinicamedica2PU</persistence-unit-name>
                <persistence-context-type>Transaction</persistence-context-type>
                <injection-target>
                    <injection-target-class>jpa.session.DoençaFacade</injection-target-class>
                    <injection-target-name>em</injection-target-name>
                </injection-target>
            </persistence-context-ref>
            <persistence-context-ref>
                <persistence-context-ref-name>java:comp/env/jpa.session.ConsultaDiagnosticoFacade/em</persistence-context-ref-name>
                <persistence-unit-name>clinicamedica2PU</persistence-unit-name>
                <persistence-context-type>Transaction</persistence-context-type>
                <injection-target>
                    <injection-target-class>jpa.session.ConsultaDiagnosticoFacade</injection-target-class>
                    <injection-target-name>em</injection-target-name>
                </injection-target>
            </persistence-context-ref>
            <persistence-context-ref>
                <persistence-context-ref-name>java:comp/env/jpa.session.MedicoFacade/em</persistence-context-ref-name>
                <persistence-unit-name>clinicamedica2PU</persistence-unit-name>
                <persistence-context-type>Transaction</persistence-context-type>
                <injection-target>
                    <injection-target-class>jpa.session.MedicoFacade</injection-target-class>
                    <injection-target-name>em</injection-target-name>
                </injection-target>
            </persistence-context-ref>
            <persistence-context-ref>
                <persistence-context-ref-name>java:comp/env/jpa.session.AgendaFacade/em</persistence-context-ref-name>
                <persistence-unit-name>clinicamedica2PU</persistence-unit-name>
                <persistence-context-type>Transaction</persistence-context-type>
                <injection-target>
                    <injection-target-class>jpa.session.AgendaFacade</injection-target-class>
                    <injection-target-name>em</injection-target-name>
                </injection-target>
            </persistence-context-ref>
        </session>
        <session id="PacienteFacade">
            <ejb-name>PacienteFacade</ejb-name>
            <mapped-name></mapped-name>
            <local-bean/>
            <ejb-class>jpa.session.PacienteFacade</ejb-class>
            <session-type>Stateless</session-type>
            <depends-on/>
            <transaction-type>Container</transaction-type>
            <env-entry>
                <env-entry-name>java:module/ModuleName</env-entry-name>
                <env-entry-type>java.lang.String</env-entry-type>
                <env-entry-value></env-entry-value>
            </env-entry>
            <env-entry>
                <env-entry-name>java:app/AppName</env-entry-name>
                <env-entry-type>java.lang.String</env-entry-type>
                <env-entry-value>clinicamedica_war_exploded</env-entry-value>
            </env-entry>
            <env-entry>
                <env-entry-name>java:comp/ComponentName</env-entry-name>
                <env-entry-type>java.lang.String</env-entry-type>
                <env-entry-value>PacienteFacade</env-entry-value>
            </env-entry>
            <ejb-local-ref>
                <ejb-ref-name>java:comp/env/jsf.DoençaController/ejbFacade</ejb-ref-name>
                <local>jpa.session.DoençaFacade</local>
                <injection-target>
                    <injection-target-class>jsf.DoençaController</injection-target-class>
                    <injection-target-name>ejbFacade</injection-target-name>
                </injection-target>
            </ejb-local-ref>
            <ejb-local-ref>
                <ejb-ref-name>java:comp/env/jsf.TaxaController/ejbFacade</ejb-ref-name>
                <local>jpa.session.TaxaFacade</local>
                <injection-target>
                    <injection-target-class>jsf.TaxaController</injection-target-class>
                    <injection-target-name>ejbFacade</injection-target-name>
                </injection-target>
            </ejb-local-ref>
            <ejb-local-ref>
                <ejb-ref-name>java:comp/env/jsf.EspecialidadeController/ejbFacade</ejb-ref-name>
                <local>jpa.session.EspecialidadeFacade</local>
                <injection-target>
                    <injection-target-class>jsf.EspecialidadeController</injection-target-class>
                    <injection-target-name>ejbFacade</injection-target-name>
                </injection-target>
            </ejb-local-ref>
            <ejb-local-ref>
                <ejb-ref-name>java:comp/env/jsf.MedicoController/ejbFacade</ejb-ref-name>
                <local>jpa.session.MedicoFacade</local>
                <injection-target>
                    <injection-target-class>jsf.MedicoController</injection-target-class>
                    <injection-target-name>ejbFacade</injection-target-name>
                </injection-target>
            </ejb-local-ref>
            <ejb-local-ref>
                <ejb-ref-name>java:comp/env/jsf.AgendaController/ejbFacade</ejb-ref-name>
                <local>jpa.session.AgendaFacade</local>
                <injection-target>
                    <injection-target-class>jsf.AgendaController</injection-target-class>
                    <injection-target-name>ejbFacade</injection-target-name>
                </injection-target>
            </ejb-local-ref>
            <ejb-local-ref>
                <ejb-ref-name>java:comp/env/jsf.PacienteController/ejbFacade</ejb-ref-name>
                <local>jpa.session.PacienteFacade</local>
                <injection-target>
                    <injection-target-class>jsf.PacienteController</injection-target-class>
                    <injection-target-name>ejbFacade</injection-target-name>
                </injection-target>
            </ejb-local-ref>
            <ejb-local-ref>
                <ejb-ref-name>java:comp/env/jsf.ConsultaDiagnosticoController/ejbFacade</ejb-ref-name>
                <local>jpa.session.ConsultaDiagnosticoFacade</local>
                <injection-target>
                    <injection-target-class>jsf.ConsultaDiagnosticoController</injection-target-class>
                    <injection-target-name>ejbFacade</injection-target-name>
                </injection-target>
            </ejb-local-ref>
            <resource-env-ref>
                <resource-env-ref-name>java:comp/BeanManager</resource-env-ref-name>
                <resource-env-ref-type>javax.enterprise.inject.spi.BeanManager</resource-env-ref-type>
            </resource-env-ref>
            <resource-env-ref>
                <resource-env-ref-name>java:comp/Validator</resource-env-ref-name>
                <resource-env-ref-type>javax.validation.Validator</resource-env-ref-type>
            </resource-env-ref>
            <resource-env-ref>
                <resource-env-ref-name>java:comp/ValidatorFactory</resource-env-ref-name>
                <resource-env-ref-type>javax.validation.ValidatorFactory</resource-env-ref-type>
            </resource-env-ref>
            <resource-env-ref>
                <resource-env-ref-name>java:comp/TransactionManager</resource-env-ref-name>
                <resource-env-ref-type>javax.transaction.TransactionManager</resource-env-ref-type>
            </resource-env-ref>
            <resource-env-ref>
                <resource-env-ref-name>java:comp/TransactionSynchronizationRegistry</resource-env-ref-name>
                <resource-env-ref-type>javax.transaction.TransactionSynchronizationRegistry</resource-env-ref-type>
            </resource-env-ref>
            <persistence-context-ref>
                <persistence-context-ref-name>java:comp/env/jpa.session.PacienteFacade/em</persistence-context-ref-name>
                <persistence-unit-name>clinicamedica2PU</persistence-unit-name>
                <persistence-context-type>Transaction</persistence-context-type>
                <injection-target>
                    <injection-target-class>jpa.session.PacienteFacade</injection-target-class>
                    <injection-target-name>em</injection-target-name>
                </injection-target>
            </persistence-context-ref>
            <persistence-context-ref>
                <persistence-context-ref-name>java:comp/env/jpa.session.EspecialidadeFacade/em</persistence-context-ref-name>
                <persistence-unit-name>clinicamedica2PU</persistence-unit-name>
                <persistence-context-type>Transaction</persistence-context-type>
                <injection-target>
                    <injection-target-class>jpa.session.EspecialidadeFacade</injection-target-class>
                    <injection-target-name>em</injection-target-name>
                </injection-target>
            </persistence-context-ref>
            <persistence-context-ref>
                <persistence-context-ref-name>java:comp/env/jpa.session.TaxaFacade/em</persistence-context-ref-name>
                <persistence-unit-name>clinicamedica2PU</persistence-unit-name>
                <persistence-context-type>Transaction</persistence-context-type>
                <injection-target>
                    <injection-target-class>jpa.session.TaxaFacade</injection-target-class>
                    <injection-target-name>em</injection-target-name>
                </injection-target>
            </persistence-context-ref>
            <persistence-context-ref>
                <persistence-context-ref-name>java:comp/env/jpa.session.DoençaFacade/em</persistence-context-ref-name>
                <persistence-unit-name>clinicamedica2PU</persistence-unit-name>
                <persistence-context-type>Transaction</persistence-context-type>
                <injection-target>
                    <injection-target-class>jpa.session.DoençaFacade</injection-target-class>
                    <injection-target-name>em</injection-target-name>
                </injection-target>
            </persistence-context-ref>
            <persistence-context-ref>
                <persistence-context-ref-name>java:comp/env/jpa.session.ConsultaDiagnosticoFacade/em</persistence-context-ref-name>
                <persistence-unit-name>clinicamedica2PU</persistence-unit-name>
                <persistence-context-type>Transaction</persistence-context-type>
                <injection-target>
                    <injection-target-class>jpa.session.ConsultaDiagnosticoFacade</injection-target-class>
                    <injection-target-name>em</injection-target-name>
                </injection-target>
            </persistence-context-ref>
            <persistence-context-ref>
                <persistence-context-ref-name>java:comp/env/jpa.session.MedicoFacade/em</persistence-context-ref-name>
                <persistence-unit-name>clinicamedica2PU</persistence-unit-name>
                <persistence-context-type>Transaction</persistence-context-type>
                <injection-target>
                    <injection-target-class>jpa.session.MedicoFacade</injection-target-class>
                    <injection-target-name>em</injection-target-name>
                </injection-target>
            </persistence-context-ref>
            <persistence-context-ref>
                <persistence-context-ref-name>java:comp/env/jpa.session.AgendaFacade/em</persistence-context-ref-name>
                <persistence-unit-name>clinicamedica2PU</persistence-unit-name>
                <persistence-context-type>Transaction</persistence-context-type>
                <injection-target>
                    <injection-target-class>jpa.session.AgendaFacade</injection-target-class>
                    <injection-target-name>em</injection-target-name>
                </injection-target>
            </persistence-context-ref>
        </session>
        <session id="DoençaFacade">
            <ejb-name>DoençaFacade</ejb-name>
            <mapped-name></mapped-name>
            <local-bean/>
            <ejb-class>jpa.session.DoençaFacade</ejb-class>
            <session-type>Stateless</session-type>
            <depends-on/>
            <transaction-type>Container</transaction-type>
            <env-entry>
                <env-entry-name>java:module/ModuleName</env-entry-name>
                <env-entry-type>java.lang.String</env-entry-type>
                <env-entry-value></env-entry-value>
            </env-entry>
            <env-entry>
                <env-entry-name>java:app/AppName</env-entry-name>
                <env-entry-type>java.lang.String</env-entry-type>
                <env-entry-value>clinicamedica_war_exploded</env-entry-value>
            </env-entry>
            <env-entry>
                <env-entry-name>java:comp/ComponentName</env-entry-name>
                <env-entry-type>java.lang.String</env-entry-type>
                <env-entry-value>DoençaFacade</env-entry-value>
            </env-entry>
            <ejb-local-ref>
                <ejb-ref-name>java:comp/env/jsf.DoençaController/ejbFacade</ejb-ref-name>
                <local>jpa.session.DoençaFacade</local>
                <injection-target>
                    <injection-target-class>jsf.DoençaController</injection-target-class>
                    <injection-target-name>ejbFacade</injection-target-name>
                </injection-target>
            </ejb-local-ref>
            <ejb-local-ref>
                <ejb-ref-name>java:comp/env/jsf.TaxaController/ejbFacade</ejb-ref-name>
                <local>jpa.session.TaxaFacade</local>
                <injection-target>
                    <injection-target-class>jsf.TaxaController</injection-target-class>
                    <injection-target-name>ejbFacade</injection-target-name>
                </injection-target>
            </ejb-local-ref>
            <ejb-local-ref>
                <ejb-ref-name>java:comp/env/jsf.EspecialidadeController/ejbFacade</ejb-ref-name>
                <local>jpa.session.EspecialidadeFacade</local>
                <injection-target>
                    <injection-target-class>jsf.EspecialidadeController</injection-target-class>
                    <injection-target-name>ejbFacade</injection-target-name>
                </injection-target>
            </ejb-local-ref>
            <ejb-local-ref>
                <ejb-ref-name>java:comp/env/jsf.MedicoController/ejbFacade</ejb-ref-name>
                <local>jpa.session.MedicoFacade</local>
                <injection-target>
                    <injection-target-class>jsf.MedicoController</injection-target-class>
                    <injection-target-name>ejbFacade</injection-target-name>
                </injection-target>
            </ejb-local-ref>
            <ejb-local-ref>
                <ejb-ref-name>java:comp/env/jsf.AgendaController/ejbFacade</ejb-ref-name>
                <local>jpa.session.AgendaFacade</local>
                <injection-target>
                    <injection-target-class>jsf.AgendaController</injection-target-class>
                    <injection-target-name>ejbFacade</injection-target-name>
                </injection-target>
            </ejb-local-ref>
            <ejb-local-ref>
                <ejb-ref-name>java:comp/env/jsf.PacienteController/ejbFacade</ejb-ref-name>
                <local>jpa.session.PacienteFacade</local>
                <injection-target>
                    <injection-target-class>jsf.PacienteController</injection-target-class>
                    <injection-target-name>ejbFacade</injection-target-name>
                </injection-target>
            </ejb-local-ref>
            <ejb-local-ref>
                <ejb-ref-name>java:comp/env/jsf.ConsultaDiagnosticoController/ejbFacade</ejb-ref-name>
                <local>jpa.session.ConsultaDiagnosticoFacade</local>
                <injection-target>
                    <injection-target-class>jsf.ConsultaDiagnosticoController</injection-target-class>
                    <injection-target-name>ejbFacade</injection-target-name>
                </injection-target>
            </ejb-local-ref>
            <resource-env-ref>
                <resource-env-ref-name>java:comp/BeanManager</resource-env-ref-name>
                <resource-env-ref-type>javax.enterprise.inject.spi.BeanManager</resource-env-ref-type>
            </resource-env-ref>
            <resource-env-ref>
                <resource-env-ref-name>java:comp/Validator</resource-env-ref-name>
                <resource-env-ref-type>javax.validation.Validator</resource-env-ref-type>
            </resource-env-ref>
            <resource-env-ref>
                <resource-env-ref-name>java:comp/ValidatorFactory</resource-env-ref-name>
                <resource-env-ref-type>javax.validation.ValidatorFactory</resource-env-ref-type>
            </resource-env-ref>
            <resource-env-ref>
                <resource-env-ref-name>java:comp/TransactionManager</resource-env-ref-name>
                <resource-env-ref-type>javax.transaction.TransactionManager</resource-env-ref-type>
            </resource-env-ref>
            <resource-env-ref>
                <resource-env-ref-name>java:comp/TransactionSynchronizationRegistry</resource-env-ref-name>
                <resource-env-ref-type>javax.transaction.TransactionSynchronizationRegistry</resource-env-ref-type>
            </resource-env-ref>
            <persistence-context-ref>
                <persistence-context-ref-name>java:comp/env/jpa.session.DoençaFacade/em</persistence-context-ref-name>
                <persistence-unit-name>clinicamedica2PU</persistence-unit-name>
                <persistence-context-type>Transaction</persistence-context-type>
                <injection-target>
                    <injection-target-class>jpa.session.DoençaFacade</injection-target-class>
                    <injection-target-name>em</injection-target-name>
                </injection-target>
            </persistence-context-ref>
            <persistence-context-ref>
                <persistence-context-ref-name>java:comp/env/jpa.session.EspecialidadeFacade/em</persistence-context-ref-name>
                <persistence-unit-name>clinicamedica2PU</persistence-unit-name>
                <persistence-context-type>Transaction</persistence-context-type>
                <injection-target>
                    <injection-target-class>jpa.session.EspecialidadeFacade</injection-target-class>
                    <injection-target-name>em</injection-target-name>
                </injection-target>
            </persistence-context-ref>
            <persistence-context-ref>
                <persistence-context-ref-name>java:comp/env/jpa.session.TaxaFacade/em</persistence-context-ref-name>
                <persistence-unit-name>clinicamedica2PU</persistence-unit-name>
                <persistence-context-type>Transaction</persistence-context-type>
                <injection-target>
                    <injection-target-class>jpa.session.TaxaFacade</injection-target-class>
                    <injection-target-name>em</injection-target-name>
                </injection-target>
            </persistence-context-ref>
            <persistence-context-ref>
                <persistence-context-ref-name>java:comp/env/jpa.session.PacienteFacade/em</persistence-context-ref-name>
                <persistence-unit-name>clinicamedica2PU</persistence-unit-name>
                <persistence-context-type>Transaction</persistence-context-type>
                <injection-target>
                    <injection-target-class>jpa.session.PacienteFacade</injection-target-class>
                    <injection-target-name>em</injection-target-name>
                </injection-target>
            </persistence-context-ref>
            <persistence-context-ref>
                <persistence-context-ref-name>java:comp/env/jpa.session.ConsultaDiagnosticoFacade/em</persistence-context-ref-name>
                <persistence-unit-name>clinicamedica2PU</persistence-unit-name>
                <persistence-context-type>Transaction</persistence-context-type>
                <injection-target>
                    <injection-target-class>jpa.session.ConsultaDiagnosticoFacade</injection-target-class>
                    <injection-target-name>em</injection-target-name>
                </injection-target>
            </persistence-context-ref>
            <persistence-context-ref>
                <persistence-context-ref-name>java:comp/env/jpa.session.MedicoFacade/em</persistence-context-ref-name>
                <persistence-unit-name>clinicamedica2PU</persistence-unit-name>
                <persistence-context-type>Transaction</persistence-context-type>
                <injection-target>
                    <injection-target-class>jpa.session.MedicoFacade</injection-target-class>
                    <injection-target-name>em</injection-target-name>
                </injection-target>
            </persistence-context-ref>
            <persistence-context-ref>
                <persistence-context-ref-name>java:comp/env/jpa.session.AgendaFacade/em</persistence-context-ref-name>
                <persistence-unit-name>clinicamedica2PU</persistence-unit-name>
                <persistence-context-type>Transaction</persistence-context-type>
                <injection-target>
                    <injection-target-class>jpa.session.AgendaFacade</injection-target-class>
                    <injection-target-name>em</injection-target-name>
                </injection-target>
            </persistence-context-ref>
        </session>
        <session id="ConsultaDiagnosticoFacade">
            <ejb-name>ConsultaDiagnosticoFacade</ejb-name>
            <mapped-name></mapped-name>
            <local-bean/>
            <ejb-class>jpa.session.ConsultaDiagnosticoFacade</ejb-class>
            <session-type>Stateless</session-type>
            <depends-on/>
            <transaction-type>Container</transaction-type>
            <env-entry>
                <env-entry-name>java:module/ModuleName</env-entry-name>
                <env-entry-type>java.lang.String</env-entry-type>
                <env-entry-value></env-entry-value>
            </env-entry>
            <env-entry>
                <env-entry-name>java:app/AppName</env-entry-name>
                <env-entry-type>java.lang.String</env-entry-type>
                <env-entry-value>clinicamedica_war_exploded</env-entry-value>
            </env-entry>
            <env-entry>
                <env-entry-name>java:comp/ComponentName</env-entry-name>
                <env-entry-type>java.lang.String</env-entry-type>
                <env-entry-value>ConsultaDiagnosticoFacade</env-entry-value>
            </env-entry>
            <ejb-local-ref>
                <ejb-ref-name>java:comp/env/jsf.DoençaController/ejbFacade</ejb-ref-name>
                <local>jpa.session.DoençaFacade</local>
                <injection-target>
                    <injection-target-class>jsf.DoençaController</injection-target-class>
                    <injection-target-name>ejbFacade</injection-target-name>
                </injection-target>
            </ejb-local-ref>
            <ejb-local-ref>
                <ejb-ref-name>java:comp/env/jsf.TaxaController/ejbFacade</ejb-ref-name>
                <local>jpa.session.TaxaFacade</local>
                <injection-target>
                    <injection-target-class>jsf.TaxaController</injection-target-class>
                    <injection-target-name>ejbFacade</injection-target-name>
                </injection-target>
            </ejb-local-ref>
            <ejb-local-ref>
                <ejb-ref-name>java:comp/env/jsf.EspecialidadeController/ejbFacade</ejb-ref-name>
                <local>jpa.session.EspecialidadeFacade</local>
                <injection-target>
                    <injection-target-class>jsf.EspecialidadeController</injection-target-class>
                    <injection-target-name>ejbFacade</injection-target-name>
                </injection-target>
            </ejb-local-ref>
            <ejb-local-ref>
                <ejb-ref-name>java:comp/env/jsf.MedicoController/ejbFacade</ejb-ref-name>
                <local>jpa.session.MedicoFacade</local>
                <injection-target>
                    <injection-target-class>jsf.MedicoController</injection-target-class>
                    <injection-target-name>ejbFacade</injection-target-name>
                </injection-target>
            </ejb-local-ref>
            <ejb-local-ref>
                <ejb-ref-name>java:comp/env/jsf.AgendaController/ejbFacade</ejb-ref-name>
                <local>jpa.session.AgendaFacade</local>
                <injection-target>
                    <injection-target-class>jsf.AgendaController</injection-target-class>
                    <injection-target-name>ejbFacade</injection-target-name>
                </injection-target>
            </ejb-local-ref>
            <ejb-local-ref>
                <ejb-ref-name>java:comp/env/jsf.PacienteController/ejbFacade</ejb-ref-name>
                <local>jpa.session.PacienteFacade</local>
                <injection-target>
                    <injection-target-class>jsf.PacienteController</injection-target-class>
                    <injection-target-name>ejbFacade</injection-target-name>
                </injection-target>
            </ejb-local-ref>
            <ejb-local-ref>
                <ejb-ref-name>java:comp/env/jsf.ConsultaDiagnosticoController/ejbFacade</ejb-ref-name>
                <local>jpa.session.ConsultaDiagnosticoFacade</local>
                <injection-target>
                    <injection-target-class>jsf.ConsultaDiagnosticoController</injection-target-class>
                    <injection-target-name>ejbFacade</injection-target-name>
                </injection-target>
            </ejb-local-ref>
            <resource-env-ref>
                <resource-env-ref-name>java:comp/BeanManager</resource-env-ref-name>
                <resource-env-ref-type>javax.enterprise.inject.spi.BeanManager</resource-env-ref-type>
            </resource-env-ref>
            <resource-env-ref>
                <resource-env-ref-name>java:comp/Validator</resource-env-ref-name>
                <resource-env-ref-type>javax.validation.Validator</resource-env-ref-type>
            </resource-env-ref>
            <resource-env-ref>
                <resource-env-ref-name>java:comp/ValidatorFactory</resource-env-ref-name>
                <resource-env-ref-type>javax.validation.ValidatorFactory</resource-env-ref-type>
            </resource-env-ref>
            <resource-env-ref>
                <resource-env-ref-name>java:comp/TransactionManager</resource-env-ref-name>
                <resource-env-ref-type>javax.transaction.TransactionManager</resource-env-ref-type>
            </resource-env-ref>
            <resource-env-ref>
                <resource-env-ref-name>java:comp/TransactionSynchronizationRegistry</resource-env-ref-name>
                <resource-env-ref-type>javax.transaction.TransactionSynchronizationRegistry</resource-env-ref-type>
            </resource-env-ref>
            <persistence-context-ref>
                <persistence-context-ref-name>java:comp/env/jpa.session.ConsultaDiagnosticoFacade/em</persistence-context-ref-name>
                <persistence-unit-name>clinicamedica2PU</persistence-unit-name>
                <persistence-context-type>Transaction</persistence-context-type>
                <injection-target>
                    <injection-target-class>jpa.session.ConsultaDiagnosticoFacade</injection-target-class>
                    <injection-target-name>em</injection-target-name>
                </injection-target>
            </persistence-context-ref>
            <persistence-context-ref>
                <persistence-context-ref-name>java:comp/env/jpa.session.EspecialidadeFacade/em</persistence-context-ref-name>
                <persistence-unit-name>clinicamedica2PU</persistence-unit-name>
                <persistence-context-type>Transaction</persistence-context-type>
                <injection-target>
                    <injection-target-class>jpa.session.EspecialidadeFacade</injection-target-class>
                    <injection-target-name>em</injection-target-name>
                </injection-target>
            </persistence-context-ref>
            <persistence-context-ref>
                <persistence-context-ref-name>java:comp/env/jpa.session.TaxaFacade/em</persistence-context-ref-name>
                <persistence-unit-name>clinicamedica2PU</persistence-unit-name>
                <persistence-context-type>Transaction</persistence-context-type>
                <injection-target>
                    <injection-target-class>jpa.session.TaxaFacade</injection-target-class>
                    <injection-target-name>em</injection-target-name>
                </injection-target>
            </persistence-context-ref>
            <persistence-context-ref>
                <persistence-context-ref-name>java:comp/env/jpa.session.PacienteFacade/em</persistence-context-ref-name>
                <persistence-unit-name>clinicamedica2PU</persistence-unit-name>
                <persistence-context-type>Transaction</persistence-context-type>
                <injection-target>
                    <injection-target-class>jpa.session.PacienteFacade</injection-target-class>
                    <injection-target-name>em</injection-target-name>
                </injection-target>
            </persistence-context-ref>
            <persistence-context-ref>
                <persistence-context-ref-name>java:comp/env/jpa.session.DoençaFacade/em</persistence-context-ref-name>
                <persistence-unit-name>clinicamedica2PU</persistence-unit-name>
                <persistence-context-type>Transaction</persistence-context-type>
                <injection-target>
                    <injection-target-class>jpa.session.DoençaFacade</injection-target-class>
                    <injection-target-name>em</injection-target-name>
                </injection-target>
            </persistence-context-ref>
            <persistence-context-ref>
                <persistence-context-ref-name>java:comp/env/jpa.session.MedicoFacade/em</persistence-context-ref-name>
                <persistence-unit-name>clinicamedica2PU</persistence-unit-name>
                <persistence-context-type>Transaction</persistence-context-type>
                <injection-target>
                    <injection-target-class>jpa.session.MedicoFacade</injection-target-class>
                    <injection-target-name>em</injection-target-name>
                </injection-target>
            </persistence-context-ref>
            <persistence-context-ref>
                <persistence-context-ref-name>java:comp/env/jpa.session.AgendaFacade/em</persistence-context-ref-name>
                <persistence-unit-name>clinicamedica2PU</persistence-unit-name>
                <persistence-context-type>Transaction</persistence-context-type>
                <injection-target>
                    <injection-target-class>jpa.session.AgendaFacade</injection-target-class>
                    <injection-target-name>em</injection-target-name>
                </injection-target>
            </persistence-context-ref>
        </session>
        <session id="MedicoFacade">
            <ejb-name>MedicoFacade</ejb-name>
            <mapped-name></mapped-name>
            <local-bean/>
            <ejb-class>jpa.session.MedicoFacade</ejb-class>
            <session-type>Stateless</session-type>
            <depends-on/>
            <transaction-type>Container</transaction-type>
            <env-entry>
                <env-entry-name>java:module/ModuleName</env-entry-name>
                <env-entry-type>java.lang.String</env-entry-type>
                <env-entry-value></env-entry-value>
            </env-entry>
            <env-entry>
                <env-entry-name>java:app/AppName</env-entry-name>
                <env-entry-type>java.lang.String</env-entry-type>
                <env-entry-value>clinicamedica_war_exploded</env-entry-value>
            </env-entry>
            <env-entry>
                <env-entry-name>java:comp/ComponentName</env-entry-name>
                <env-entry-type>java.lang.String</env-entry-type>
                <env-entry-value>MedicoFacade</env-entry-value>
            </env-entry>
            <ejb-local-ref>
                <ejb-ref-name>java:comp/env/jsf.DoençaController/ejbFacade</ejb-ref-name>
                <local>jpa.session.DoençaFacade</local>
                <injection-target>
                    <injection-target-class>jsf.DoençaController</injection-target-class>
                    <injection-target-name>ejbFacade</injection-target-name>
                </injection-target>
            </ejb-local-ref>
            <ejb-local-ref>
                <ejb-ref-name>java:comp/env/jsf.TaxaController/ejbFacade</ejb-ref-name>
                <local>jpa.session.TaxaFacade</local>
                <injection-target>
                    <injection-target-class>jsf.TaxaController</injection-target-class>
                    <injection-target-name>ejbFacade</injection-target-name>
                </injection-target>
            </ejb-local-ref>
            <ejb-local-ref>
                <ejb-ref-name>java:comp/env/jsf.EspecialidadeController/ejbFacade</ejb-ref-name>
                <local>jpa.session.EspecialidadeFacade</local>
                <injection-target>
                    <injection-target-class>jsf.EspecialidadeController</injection-target-class>
                    <injection-target-name>ejbFacade</injection-target-name>
                </injection-target>
            </ejb-local-ref>
            <ejb-local-ref>
                <ejb-ref-name>java:comp/env/jsf.MedicoController/ejbFacade</ejb-ref-name>
                <local>jpa.session.MedicoFacade</local>
                <injection-target>
                    <injection-target-class>jsf.MedicoController</injection-target-class>
                    <injection-target-name>ejbFacade</injection-target-name>
                </injection-target>
            </ejb-local-ref>
            <ejb-local-ref>
                <ejb-ref-name>java:comp/env/jsf.AgendaController/ejbFacade</ejb-ref-name>
                <local>jpa.session.AgendaFacade</local>
                <injection-target>
                    <injection-target-class>jsf.AgendaController</injection-target-class>
                    <injection-target-name>ejbFacade</injection-target-name>
                </injection-target>
            </ejb-local-ref>
            <ejb-local-ref>
                <ejb-ref-name>java:comp/env/jsf.PacienteController/ejbFacade</ejb-ref-name>
                <local>jpa.session.PacienteFacade</local>
                <injection-target>
                    <injection-target-class>jsf.PacienteController</injection-target-class>
                    <injection-target-name>ejbFacade</injection-target-name>
                </injection-target>
            </ejb-local-ref>
            <ejb-local-ref>
                <ejb-ref-name>java:comp/env/jsf.ConsultaDiagnosticoController/ejbFacade</ejb-ref-name>
                <local>jpa.session.ConsultaDiagnosticoFacade</local>
                <injection-target>
                    <injection-target-class>jsf.ConsultaDiagnosticoController</injection-target-class>
                    <injection-target-name>ejbFacade</injection-target-name>
                </injection-target>
            </ejb-local-ref>
            <resource-env-ref>
                <resource-env-ref-name>java:comp/BeanManager</resource-env-ref-name>
                <resource-env-ref-type>javax.enterprise.inject.spi.BeanManager</resource-env-ref-type>
            </resource-env-ref>
            <resource-env-ref>
                <resource-env-ref-name>java:comp/Validator</resource-env-ref-name>
                <resource-env-ref-type>javax.validation.Validator</resource-env-ref-type>
            </resource-env-ref>
            <resource-env-ref>
                <resource-env-ref-name>java:comp/ValidatorFactory</resource-env-ref-name>
                <resource-env-ref-type>javax.validation.ValidatorFactory</resource-env-ref-type>
            </resource-env-ref>
            <resource-env-ref>
                <resource-env-ref-name>java:comp/TransactionManager</resource-env-ref-name>
                <resource-env-ref-type>javax.transaction.TransactionManager</resource-env-ref-type>
            </resource-env-ref>
            <resource-env-ref>
                <resource-env-ref-name>java:comp/TransactionSynchronizationRegistry</resource-env-ref-name>
                <resource-env-ref-type>javax.transaction.TransactionSynchronizationRegistry</resource-env-ref-type>
            </resource-env-ref>
            <persistence-context-ref>
                <persistence-context-ref-name>java:comp/env/jpa.session.MedicoFacade/em</persistence-context-ref-name>
                <persistence-unit-name>clinicamedica2PU</persistence-unit-name>
                <persistence-context-type>Transaction</persistence-context-type>
                <injection-target>
                    <injection-target-class>jpa.session.MedicoFacade</injection-target-class>
                    <injection-target-name>em</injection-target-name>
                </injection-target>
            </persistence-context-ref>
            <persistence-context-ref>
                <persistence-context-ref-name>java:comp/env/jpa.session.EspecialidadeFacade/em</persistence-context-ref-name>
                <persistence-unit-name>clinicamedica2PU</persistence-unit-name>
                <persistence-context-type>Transaction</persistence-context-type>
                <injection-target>
                    <injection-target-class>jpa.session.EspecialidadeFacade</injection-target-class>
                    <injection-target-name>em</injection-target-name>
                </injection-target>
            </persistence-context-ref>
            <persistence-context-ref>
                <persistence-context-ref-name>java:comp/env/jpa.session.TaxaFacade/em</persistence-context-ref-name>
                <persistence-unit-name>clinicamedica2PU</persistence-unit-name>
                <persistence-context-type>Transaction</persistence-context-type>
                <injection-target>
                    <injection-target-class>jpa.session.TaxaFacade</injection-target-class>
                    <injection-target-name>em</injection-target-name>
                </injection-target>
            </persistence-context-ref>
            <persistence-context-ref>
                <persistence-context-ref-name>java:comp/env/jpa.session.PacienteFacade/em</persistence-context-ref-name>
                <persistence-unit-name>clinicamedica2PU</persistence-unit-name>
                <persistence-context-type>Transaction</persistence-context-type>
                <injection-target>
                    <injection-target-class>jpa.session.PacienteFacade</injection-target-class>
                    <injection-target-name>em</injection-target-name>
                </injection-target>
            </persistence-context-ref>
            <persistence-context-ref>
                <persistence-context-ref-name>java:comp/env/jpa.session.DoençaFacade/em</persistence-context-ref-name>
                <persistence-unit-name>clinicamedica2PU</persistence-unit-name>
                <persistence-context-type>Transaction</persistence-context-type>
                <injection-target>
                    <injection-target-class>jpa.session.DoençaFacade</injection-target-class>
                    <injection-target-name>em</injection-target-name>
                </injection-target>
            </persistence-context-ref>
            <persistence-context-ref>
                <persistence-context-ref-name>java:comp/env/jpa.session.ConsultaDiagnosticoFacade/em</persistence-context-ref-name>
                <persistence-unit-name>clinicamedica2PU</persistence-unit-name>
                <persistence-context-type>Transaction</persistence-context-type>
                <injection-target>
                    <injection-target-class>jpa.session.ConsultaDiagnosticoFacade</injection-target-class>
                    <injection-target-name>em</injection-target-name>
                </injection-target>
            </persistence-context-ref>
            <persistence-context-ref>
                <persistence-context-ref-name>java:comp/env/jpa.session.AgendaFacade/em</persistence-context-ref-name>
                <persistence-unit-name>clinicamedica2PU</persistence-unit-name>
                <persistence-context-type>Transaction</persistence-context-type>
                <injection-target>
                    <injection-target-class>jpa.session.AgendaFacade</injection-target-class>
                    <injection-target-name>em</injection-target-name>
                </injection-target>
            </persistence-context-ref>
        </session>
        <session id="AgendaFacade">
            <ejb-name>AgendaFacade</ejb-name>
            <mapped-name></mapped-name>
            <local-bean/>
            <ejb-class>jpa.session.AgendaFacade</ejb-class>
            <session-type>Stateless</session-type>
            <depends-on/>
            <transaction-type>Container</transaction-type>
            <env-entry>
                <env-entry-name>java:module/ModuleName</env-entry-name>
                <env-entry-type>java.lang.String</env-entry-type>
                <env-entry-value></env-entry-value>
            </env-entry>
            <env-entry>
                <env-entry-name>java:app/AppName</env-entry-name>
                <env-entry-type>java.lang.String</env-entry-type>
                <env-entry-value>clinicamedica_war_exploded</env-entry-value>
            </env-entry>
            <env-entry>
                <env-entry-name>java:comp/ComponentName</env-entry-name>
                <env-entry-type>java.lang.String</env-entry-type>
                <env-entry-value>AgendaFacade</env-entry-value>
            </env-entry>
            <ejb-local-ref>
                <ejb-ref-name>java:comp/env/jsf.DoençaController/ejbFacade</ejb-ref-name>
                <local>jpa.session.DoençaFacade</local>
                <injection-target>
                    <injection-target-class>jsf.DoençaController</injection-target-class>
                    <injection-target-name>ejbFacade</injection-target-name>
                </injection-target>
            </ejb-local-ref>
            <ejb-local-ref>
                <ejb-ref-name>java:comp/env/jsf.TaxaController/ejbFacade</ejb-ref-name>
                <local>jpa.session.TaxaFacade</local>
                <injection-target>
                    <injection-target-class>jsf.TaxaController</injection-target-class>
                    <injection-target-name>ejbFacade</injection-target-name>
                </injection-target>
            </ejb-local-ref>
            <ejb-local-ref>
                <ejb-ref-name>java:comp/env/jsf.EspecialidadeController/ejbFacade</ejb-ref-name>
                <local>jpa.session.EspecialidadeFacade</local>
                <injection-target>
                    <injection-target-class>jsf.EspecialidadeController</injection-target-class>
                    <injection-target-name>ejbFacade</injection-target-name>
                </injection-target>
            </ejb-local-ref>
            <ejb-local-ref>
                <ejb-ref-name>java:comp/env/jsf.MedicoController/ejbFacade</ejb-ref-name>
                <local>jpa.session.MedicoFacade</local>
                <injection-target>
                    <injection-target-class>jsf.MedicoController</injection-target-class>
                    <injection-target-name>ejbFacade</injection-target-name>
                </injection-target>
            </ejb-local-ref>
            <ejb-local-ref>
                <ejb-ref-name>java:comp/env/jsf.AgendaController/ejbFacade</ejb-ref-name>
                <local>jpa.session.AgendaFacade</local>
                <injection-target>
                    <injection-target-class>jsf.AgendaController</injection-target-class>
                    <injection-target-name>ejbFacade</injection-target-name>
                </injection-target>
            </ejb-local-ref>
            <ejb-local-ref>
                <ejb-ref-name>java:comp/env/jsf.PacienteController/ejbFacade</ejb-ref-name>
                <local>jpa.session.PacienteFacade</local>
                <injection-target>
                    <injection-target-class>jsf.PacienteController</injection-target-class>
                    <injection-target-name>ejbFacade</injection-target-name>
                </injection-target>
            </ejb-local-ref>
            <ejb-local-ref>
                <ejb-ref-name>java:comp/env/jsf.ConsultaDiagnosticoController/ejbFacade</ejb-ref-name>
                <local>jpa.session.ConsultaDiagnosticoFacade</local>
                <injection-target>
                    <injection-target-class>jsf.ConsultaDiagnosticoController</injection-target-class>
                    <injection-target-name>ejbFacade</injection-target-name>
                </injection-target>
            </ejb-local-ref>
            <resource-env-ref>
                <resource-env-ref-name>java:comp/BeanManager</resource-env-ref-name>
                <resource-env-ref-type>javax.enterprise.inject.spi.BeanManager</resource-env-ref-type>
            </resource-env-ref>
            <resource-env-ref>
                <resource-env-ref-name>java:comp/Validator</resource-env-ref-name>
                <resource-env-ref-type>javax.validation.Validator</resource-env-ref-type>
            </resource-env-ref>
            <resource-env-ref>
                <resource-env-ref-name>java:comp/ValidatorFactory</resource-env-ref-name>
                <resource-env-ref-type>javax.validation.ValidatorFactory</resource-env-ref-type>
            </resource-env-ref>
            <resource-env-ref>
                <resource-env-ref-name>java:comp/TransactionManager</resource-env-ref-name>
                <resource-env-ref-type>javax.transaction.TransactionManager</resource-env-ref-type>
            </resource-env-ref>
            <resource-env-ref>
                <resource-env-ref-name>java:comp/TransactionSynchronizationRegistry</resource-env-ref-name>
                <resource-env-ref-type>javax.transaction.TransactionSynchronizationRegistry</resource-env-ref-type>
            </resource-env-ref>
            <persistence-context-ref>
                <persistence-context-ref-name>java:comp/env/jpa.session.AgendaFacade/em</persistence-context-ref-name>
                <persistence-unit-name>clinicamedica2PU</persistence-unit-name>
                <persistence-context-type>Transaction</persistence-context-type>
                <injection-target>
                    <injection-target-class>jpa.session.AgendaFacade</injection-target-class>
                    <injection-target-name>em</injection-target-name>
                </injection-target>
            </persistence-context-ref>
            <persistence-context-ref>
                <persistence-context-ref-name>java:comp/env/jpa.session.EspecialidadeFacade/em</persistence-context-ref-name>
                <persistence-unit-name>clinicamedica2PU</persistence-unit-name>
                <persistence-context-type>Transaction</persistence-context-type>
                <injection-target>
                    <injection-target-class>jpa.session.EspecialidadeFacade</injection-target-class>
                    <injection-target-name>em</injection-target-name>
                </injection-target>
            </persistence-context-ref>
            <persistence-context-ref>
                <persistence-context-ref-name>java:comp/env/jpa.session.TaxaFacade/em</persistence-context-ref-name>
                <persistence-unit-name>clinicamedica2PU</persistence-unit-name>
                <persistence-context-type>Transaction</persistence-context-type>
                <injection-target>
                    <injection-target-class>jpa.session.TaxaFacade</injection-target-class>
                    <injection-target-name>em</injection-target-name>
                </injection-target>
            </persistence-context-ref>
            <persistence-context-ref>
                <persistence-context-ref-name>java:comp/env/jpa.session.PacienteFacade/em</persistence-context-ref-name>
                <persistence-unit-name>clinicamedica2PU</persistence-unit-name>
                <persistence-context-type>Transaction</persistence-context-type>
                <injection-target>
                    <injection-target-class>jpa.session.PacienteFacade</injection-target-class>
                    <injection-target-name>em</injection-target-name>
                </injection-target>
            </persistence-context-ref>
            <persistence-context-ref>
                <persistence-context-ref-name>java:comp/env/jpa.session.DoençaFacade/em</persistence-context-ref-name>
                <persistence-unit-name>clinicamedica2PU</persistence-unit-name>
                <persistence-context-type>Transaction</persistence-context-type>
                <injection-target>
                    <injection-target-class>jpa.session.DoençaFacade</injection-target-class>
                    <injection-target-name>em</injection-target-name>
                </injection-target>
            </persistence-context-ref>
            <persistence-context-ref>
                <persistence-context-ref-name>java:comp/env/jpa.session.ConsultaDiagnosticoFacade/em</persistence-context-ref-name>
                <persistence-unit-name>clinicamedica2PU</persistence-unit-name>
                <persistence-context-type>Transaction</persistence-context-type>
                <injection-target>
                    <injection-target-class>jpa.session.ConsultaDiagnosticoFacade</injection-target-class>
                    <injection-target-name>em</injection-target-name>
                </injection-target>
            </persistence-context-ref>
            <persistence-context-ref>
                <persistence-context-ref-name>java:comp/env/jpa.session.MedicoFacade/em</persistence-context-ref-name>
                <persistence-unit-name>clinicamedica2PU</persistence-unit-name>
                <persistence-context-type>Transaction</persistence-context-type>
                <injection-target>
                    <injection-target-class>jpa.session.MedicoFacade</injection-target-class>
                    <injection-target-name>em</injection-target-name>
                </injection-target>
            </persistence-context-ref>
        </session>
        <session id=".Comp1143618596">
            <ejb-name>.Comp</ejb-name>
            <local-bean/>
            <ejb-class>org.apache.openejb.BeanContext$Comp</ejb-class>
            <session-type>Managed</session-type>
            <depends-on/>
            <transaction-type>Bean</transaction-type>
            <env-entry>
                <env-entry-name>java:module/ModuleName</env-entry-name>
                <env-entry-type>java.lang.String</env-entry-type>
                <env-entry-value></env-entry-value>
            </env-entry>
            <env-entry>
                <env-entry-name>java:app/AppName</env-entry-name>
                <env-entry-type>java.lang.String</env-entry-type>
                <env-entry-value>clinicamedica_war_exploded</env-entry-value>
            </env-entry>
            <env-entry>
                <env-entry-name>java:comp/ComponentName</env-entry-name>
                <env-entry-type>java.lang.String</env-entry-type>
                <env-entry-value></env-entry-value>
            </env-entry>
            <ejb-local-ref>
                <ejb-ref-name>java:comp/env/jsf.DoençaController/ejbFacade</ejb-ref-name>
                <local>jpa.session.DoençaFacade</local>
                <injection-target>
                    <injection-target-class>jsf.DoençaController</injection-target-class>
                    <injection-target-name>ejbFacade</injection-target-name>
                </injection-target>
            </ejb-local-ref>
            <ejb-local-ref>
                <ejb-ref-name>java:comp/env/jsf.TaxaController/ejbFacade</ejb-ref-name>
                <local>jpa.session.TaxaFacade</local>
                <injection-target>
                    <injection-target-class>jsf.TaxaController</injection-target-class>
                    <injection-target-name>ejbFacade</injection-target-name>
                </injection-target>
            </ejb-local-ref>
            <ejb-local-ref>
                <ejb-ref-name>java:comp/env/jsf.EspecialidadeController/ejbFacade</ejb-ref-name>
                <local>jpa.session.EspecialidadeFacade</local>
                <injection-target>
                    <injection-target-class>jsf.EspecialidadeController</injection-target-class>
                    <injection-target-name>ejbFacade</injection-target-name>
                </injection-target>
            </ejb-local-ref>
            <ejb-local-ref>
                <ejb-ref-name>java:comp/env/jsf.MedicoController/ejbFacade</ejb-ref-name>
                <local>jpa.session.MedicoFacade</local>
                <injection-target>
                    <injection-target-class>jsf.MedicoController</injection-target-class>
                    <injection-target-name>ejbFacade</injection-target-name>
                </injection-target>
            </ejb-local-ref>
            <ejb-local-ref>
                <ejb-ref-name>java:comp/env/jsf.AgendaController/ejbFacade</ejb-ref-name>
                <local>jpa.session.AgendaFacade</local>
                <injection-target>
                    <injection-target-class>jsf.AgendaController</injection-target-class>
                    <injection-target-name>ejbFacade</injection-target-name>
                </injection-target>
            </ejb-local-ref>
            <ejb-local-ref>
                <ejb-ref-name>java:comp/env/jsf.PacienteController/ejbFacade</ejb-ref-name>
                <local>jpa.session.PacienteFacade</local>
                <injection-target>
                    <injection-target-class>jsf.PacienteController</injection-target-class>
                    <injection-target-name>ejbFacade</injection-target-name>
                </injection-target>
            </ejb-local-ref>
            <ejb-local-ref>
                <ejb-ref-name>java:comp/env/jsf.ConsultaDiagnosticoController/ejbFacade</ejb-ref-name>
                <local>jpa.session.ConsultaDiagnosticoFacade</local>
                <injection-target>
                    <injection-target-class>jsf.ConsultaDiagnosticoController</injection-target-class>
                    <injection-target-name>ejbFacade</injection-target-name>
                </injection-target>
            </ejb-local-ref>
            <resource-env-ref>
                <resource-env-ref-name>java:comp/BeanManager</resource-env-ref-name>
                <resource-env-ref-type>javax.enterprise.inject.spi.BeanManager</resource-env-ref-type>
            </resource-env-ref>
            <resource-env-ref>
                <resource-env-ref-name>java:comp/Validator</resource-env-ref-name>
                <resource-env-ref-type>javax.validation.Validator</resource-env-ref-type>
            </resource-env-ref>
            <resource-env-ref>
                <resource-env-ref-name>java:comp/ValidatorFactory</resource-env-ref-name>
                <resource-env-ref-type>javax.validation.ValidatorFactory</resource-env-ref-type>
            </resource-env-ref>
            <resource-env-ref>
                <resource-env-ref-name>java:comp/TransactionManager</resource-env-ref-name>
                <resource-env-ref-type>javax.transaction.TransactionManager</resource-env-ref-type>
            </resource-env-ref>
            <resource-env-ref>
                <resource-env-ref-name>java:comp/TransactionSynchronizationRegistry</resource-env-ref-name>
                <resource-env-ref-type>javax.transaction.TransactionSynchronizationRegistry</resource-env-ref-type>
            </resource-env-ref>
            <persistence-context-ref>
                <persistence-context-ref-name>java:comp/env/jpa.session.TaxaFacade/em</persistence-context-ref-name>
                <persistence-unit-name>clinicamedica2PU</persistence-unit-name>
                <persistence-context-type>Transaction</persistence-context-type>
                <injection-target>
                    <injection-target-class>jpa.session.TaxaFacade</injection-target-class>
                    <injection-target-name>em</injection-target-name>
                </injection-target>
            </persistence-context-ref>
            <persistence-context-ref>
                <persistence-context-ref-name>java:comp/env/jpa.session.MedicoFacade/em</persistence-context-ref-name>
                <persistence-unit-name>clinicamedica2PU</persistence-unit-name>
                <persistence-context-type>Transaction</persistence-context-type>
                <injection-target>
                    <injection-target-class>jpa.session.MedicoFacade</injection-target-class>
                    <injection-target-name>em</injection-target-name>
                </injection-target>
            </persistence-context-ref>
            <persistence-context-ref>
                <persistence-context-ref-name>java:comp/env/jpa.session.DoençaFacade/em</persistence-context-ref-name>
                <persistence-unit-name>clinicamedica2PU</persistence-unit-name>
                <persistence-context-type>Transaction</persistence-context-type>
                <injection-target>
                    <injection-target-class>jpa.session.DoençaFacade</injection-target-class>
                    <injection-target-name>em</injection-target-name>
                </injection-target>
            </persistence-context-ref>
            <persistence-context-ref>
                <persistence-context-ref-name>java:comp/env/jpa.session.PacienteFacade/em</persistence-context-ref-name>
                <persistence-unit-name>clinicamedica2PU</persistence-unit-name>
                <persistence-context-type>Transaction</persistence-context-type>
                <injection-target>
                    <injection-target-class>jpa.session.PacienteFacade</injection-target-class>
                    <injection-target-name>em</injection-target-name>
                </injection-target>
            </persistence-context-ref>
            <persistence-context-ref>
                <persistence-context-ref-name>java:comp/env/jpa.session.AgendaFacade/em</persistence-context-ref-name>
                <persistence-unit-name>clinicamedica2PU</persistence-unit-name>
                <persistence-context-type>Transaction</persistence-context-type>
                <injection-target>
                    <injection-target-class>jpa.session.AgendaFacade</injection-target-class>
                    <injection-target-name>em</injection-target-name>
                </injection-target>
            </persistence-context-ref>
            <persistence-context-ref>
                <persistence-context-ref-name>java:comp/env/jpa.session.ConsultaDiagnosticoFacade/em</persistence-context-ref-name>
                <persistence-unit-name>clinicamedica2PU</persistence-unit-name>
                <persistence-context-type>Transaction</persistence-context-type>
                <injection-target>
                    <injection-target-class>jpa.session.ConsultaDiagnosticoFacade</injection-target-class>
                    <injection-target-name>em</injection-target-name>
                </injection-target>
            </persistence-context-ref>
            <persistence-context-ref>
                <persistence-context-ref-name>java:comp/env/jpa.session.EspecialidadeFacade/em</persistence-context-ref-name>
                <persistence-unit-name>clinicamedica2PU</persistence-unit-name>
                <persistence-context-type>Transaction</persistence-context-type>
                <injection-target>
                    <injection-target-class>jpa.session.EspecialidadeFacade</injection-target-class>
                    <injection-target-name>em</injection-target-name>
                </injection-target>
            </persistence-context-ref>
        </session>
    </enterprise-beans>
    <assembly-descriptor/>
</ejb-jar>
