<?xml version="1.0" encoding="UTF-8" standalone="yes"?>
<openejb-jar xmlns="http://www.openejb.org/openejb-jar/1.1">
    <properties></properties>
    <ejb-deployment container-id="Default Stateless Container" deployment-id="MedicoFacade" ejb-name="MedicoFacade"/>
    <ejb-deployment container-id="Default Stateless Container" deployment-id="TaxaFacade" ejb-name="TaxaFacade"/>
    <ejb-deployment container-id="Default Stateless Container" deployment-id="AgendaFacade" ejb-name="AgendaFacade"/>
    <ejb-deployment container-id="Default Stateless Container" deployment-id="EspecialidadeFacade" ejb-name="EspecialidadeFacade"/>
    <ejb-deployment container-id="Default Stateless Container" deployment-id="PacienteFacade" ejb-name="PacienteFacade"/>
    <ejb-deployment container-id="Default Stateless Container" deployment-id="ConsultaDiagnosticoFacade" ejb-name="ConsultaDiagnosticoFacade"/>
    <ejb-deployment container-id="Default Stateless Container" deployment-id="DoençaFacade" ejb-name="DoençaFacade"/>
    <ejb-deployment container-id="Default Managed Container" deployment-id=".Comp271262432" ejb-name=".Comp"/>
</openejb-jar>
